-- Insert into Students table
INSERT INTO Students (id, full_name, email, phone_number, roll_no, resume_link, batch_year, auto_register, placement_status)
VALUES
('1', 'Alice Johnson', 'alice.johnson@example.com', '9876543210', '2021001', 'http://resume.example.com/alice', 2021, FALSE, 'Not Placed'),
('2', 'Bob Smith', 'bob.smith@example.com', '9876543211', '2021002', 'http://resume.example.com/bob', 2021, TRUE, 'Placed'),
('3', 'Charlie Brown', 'charlie.brown@example.com', '9876543212', '2021003', 'http://resume.example.com/charlie', 2021, FALSE, 'Not Placed'),
('4', 'David Lee', 'david.lee@example.com', '9876543213', '2021004', 'http://resume.example.com/david', 2021, FALSE, 'Placed'),
('5', 'Eve White', 'eve.white@example.com', '9876543214', '2021005', 'http://resume.example.com/eve', 2021, TRUE, 'Not Placed'),
('6', 'Amit Sharma', 'amit.sharma@example.com', '9876543210', 'B2021001', 'https://www.example.com/resumes/amit', 2021, FALSE, 'Not Placed'),
('7', 'Priya Desai', 'priya.desai@example.com', '9876543211', 'B2021002', 'https://www.example.com/resumes/priya', 2021, TRUE, 'Placed'),
('8', 'Ravi Kumar', 'ravi.kumar@example.com', '9876543212', 'B2021003', 'https://www.example.com/resumes/ravi', 2021, FALSE, 'Not Placed'),
('9', 'Sneha Gupta', 'sneha.gupta@example.com', '9876543213', 'B2021004', 'https://www.example.com/resumes/sneha', 2021, FALSE, 'Placed'),
('10', 'Arun Patel', 'arun.patel@example.com', '9876543214', 'B2021005', 'https://www.example.com/resumes/arun', 2021, TRUE, 'Not Placed'),
('11', 'Vikram Singh', 'vikram.singh@example.com', '9876543221', 'B2021006', 'https://www.example.com/resumes/vikram', 2021, TRUE, 'Not Placed'),
('12', 'Neha Yadav', 'neha.yadav@example.com', '9876543222', 'B2021007', 'https://www.example.com/resumes/neha', 2021, FALSE, 'Placed'),
('13', 'Rohit Mehta', 'rohit.mehta@example.com', '9876543223', 'B2021008', 'https://www.example.com/resumes/rohit', 2022, TRUE, 'Placed'),
('14', 'Sanya Sharma', 'sanya.sharma@example.com', '9876543224', 'B2021009', 'https://www.example.com/resumes/sanya', 2022, FALSE, 'Not Placed'),
('15', 'Karan Gupta', 'karan.gupta@example.com', '9876543225', 'B2021010', 'https://www.example.com/resumes/karan', 2022, TRUE, 'Not Placed'),
('16', 'Ritika Pandey', 'ritika.pandey@example.com', '9876543226', 'B2021011', 'https://www.example.com/resumes/ritika', 2023, FALSE, 'Not Placed'),
('17', 'Arvind Kumar', 'arvind.kumar@example.com', '9876543227', 'B2021012', 'https://www.example.com/resumes/arvind', 2023, TRUE, 'Placed'),
('18', 'Simran Choudhary', 'simran.choudhary@example.com', '9876543228', 'B2021013', 'https://www.example.com/resumes/simran', 2023, FALSE, 'Placed'),
('19', 'Manoj Soni', 'manoj.soni@example.com', '9876543229', 'B2021014', 'https://www.example.com/resumes/manoj', 2024, TRUE, 'Not Placed'),
('20', 'Maya Reddy', 'maya.reddy@example.com', '9876543230', 'B2021015', 'https://www.example.com/resumes/maya', 2024, FALSE, 'Not Placed'),
('21', 'Kritika Verma', 'kritika.verma@example.com', '9876543231', 'B2021016', 'https://www.example.com/resumes/kritika', 2024, TRUE, 'Not Placed'),
('22', 'Ankit Raj', 'ankit.raj@example.com', '9876543232', 'B2021017', 'https://www.example.com/resumes/ankit', 2021, FALSE, 'Not Placed'),
('23', 'Pooja Dubey', 'pooja.dubey@example.com', '9876543233', 'B2021018', 'https://www.example.com/resumes/pooja', 2021, TRUE, 'Placed'),
('24', 'Siddharth Iyer', 'siddharth.iyer@example.com', '9876543234', 'B2021019', 'https://www.example.com/resumes/siddharth', 2022, TRUE, 'Not Placed'),
('25', 'Anjali Rao', 'anjali.rao@example.com', '9876543235', 'B2021020', 'https://www.example.com/resumes/anjali', 2022, FALSE, 'Not Placed'),
('26', 'Rajesh Nair', 'rajesh.nair@example.com', '9876543236', 'B2021021', 'https://www.example.com/resumes/rajesh', 2023, TRUE, 'Placed'),
('27', 'Shivani Deshmukh', 'shivani.deshmukh@example.com', '9876543237', 'B2021022', 'https://www.example.com/resumes/shivani', 2023, FALSE, 'Placed'),
('28', 'Ashish Kapoor', 'ashish.kapoor@example.com', '9876543238', 'B2021023', 'https://www.example.com/resumes/ashish', 2024, TRUE, 'Placed'),
('29', 'Nisha Agarwal', 'nisha.agarwal@example.com', '9876543239', 'B2021024', 'https://www.example.com/resumes/nisha', 2024, FALSE, 'Not Placed'),
('30', 'Vikrant Bhat', 'vikrant.bhat@example.com', '9876543240', 'B2021025', 'https://www.example.com/resumes/vikrant', 2024, TRUE, 'Not Placed');


-- Insert into StudentProfiles table
INSERT INTO StudentProfiles (id, student_id, platform_name, profile_link)
VALUES
('1', '1', 'LeetCode', 'https://leetcode.com/alicejohnson'),
('2', '2', 'HackerRank', 'https://hackerrank.com/bobsmith'),
('3', '3', 'LinkedIn', 'https://linkedin.com/in/charlie-brown'),
('4', '4', 'LeetCode', 'https://leetcode.com/davidlee'),
('5', '5', 'HackerRank', 'https://hackerrank.com/evewhite'),
('6', '11', 'LeetCode', 'https://leetcode.com/vikram-singh'),
('7', '12', 'HackerRank', 'https://hackerrank.com/neha-yadav'),
('8', '13', 'LinkedIn', 'https://linkedin.com/in/rohit-mehta'),
('9', '14', 'LeetCode', 'https://leetcode.com/sanya-sharma'),
('10', '15', 'HackerRank', 'https://hackerrank.com/karan-gupta'),
('11', '16', 'LinkedIn', 'https://linkedin.com/in/ritika-pandey'),
('12', '17', 'LeetCode', 'https://leetcode.com/arvind-kumar'),
('13', '18', 'HackerRank', 'https://hackerrank.com/simran-choudhary'),
('14', '19', 'LinkedIn', 'https://linkedin.com/in/manoj-soni'),
('15', '20', 'LeetCode', 'https://leetcode.com/maya-reddy'),
('16', '21', 'HackerRank', 'https://hackerrank.com/kritika-verma'),
('17', '22', 'LinkedIn', 'https://linkedin.com/in/ankit-raj'),
('18', '23', 'LeetCode', 'https://leetcode.com/pooja-dubey'),
('19', '24', 'HackerRank', 'https://hackerrank.com/siddharth-iyer'),
('20', '25', 'LinkedIn', 'https://linkedin.com/in/anjali-rao'),
('21', '26', 'LeetCode', 'https://leetcode.com/rajesh-nair'),
('22', '27', 'HackerRank', 'https://hackerrank.com/shivani-deshmukh'),
('23', '28', 'LinkedIn', 'https://linkedin.com/in/ashish-kapoor'),
('24', '29', 'LeetCode', 'https://leetcode.com/nisha-agarwal'),
('25', '30', 'HackerRank', 'https://hackerrank.com/vikrant-bhat'),
('26', '11', 'LinkedIn', 'https://linkedin.com/in/vikram-singh'),
('27', '12', 'LeetCode', 'https://leetcode.com/neha-yadav'),
('28', '13', 'HackerRank', 'https://hackerrank.com/rohit-mehta'),
('29', '14', 'LinkedIn', 'https://linkedin.com/in/sanya-sharma'),
('30', '15', 'LeetCode', 'https://leetcode.com/karan-gupta'),
('31', '16', 'HackerRank', 'https://hackerrank.com/ritika-pandey'),
('32', '17', 'LinkedIn', 'https://linkedin.com/in/arvind-kumar'),
('33', '18', 'LeetCode', 'https://leetcode.com/simran-choudhary'),
('34', '19', 'HackerRank', 'https://hackerrank.com/manoj-soni'),
('35', '20', 'LinkedIn', 'https://linkedin.com/in/maya-reddy');


-- Insert into StudentCertifications table
INSERT INTO StudentCertifications (id, student_id, certification_name, certificate_link, certified_by)
VALUES
('1', '1', 'AWS Certified Solutions Architect', 'https://aws.amazon.com/certification/', 'Amazon'),
('2', '2', 'Certified Ethical Hacker', 'https://www.eccouncil.org/', 'EC-Council'),
('3', '3', 'Google Cloud Certified', 'https://cloud.google.com/certification/', 'Google'),
('4', '4', 'Cisco Certified Network Associate', 'https://www.cisco.com/', 'Cisco'),
('5', '5', 'Microsoft Certified: Azure Fundamentals', 'https://learn.microsoft.com/', 'Microsoft'),
('31', '1', 'Tata Consultancy Services Certified Software Developer', 'https://www.tcs.com/certification', 'Tata Consultancy Services'),
('32', '2', 'NASSCOM IT Skill Development', 'https://www.nasscom.in/', 'NASSCOM'),
('33', '3', 'Digital India IT Training', 'https://www.digitalindia.gov.in/', 'Government of India'),
('34', '4', 'Infosys Certified Java Developer', 'https://www.infosys.com/certifications', 'Infosys'),
('35', '5', 'Wipro Certified Cloud Professional', 'https://www.wipro.com/certifications', 'Wipro'),
('36', '6', 'NIIT IT Fundamentals', 'https://www.niit.com/', 'NIIT'),
('37', '7', 'Red Hat Certified Engineer', 'https://www.redhat.com/en/services/certification', 'Red Hat'),
('38', '8', 'HCL Certified Data Analyst', 'https://www.hcltech.com/certifications', 'HCL Technologies'),
('39', '9', 'Accenture Certified Project Manager', 'https://www.accenture.com/', 'Accenture'),
('40', '10', 'Tech Mahindra Certified DevOps Engineer', 'https://www.techmahindra.com/', 'Tech Mahindra'),
('41', '11', 'Adobe Certified Web Developer', 'https://www.adobe.com/', 'Adobe'),
('42', '12', 'Zensar Technologies Certified Full Stack Developer', 'https://www.zensar.com/', 'Zensar Technologies'),
('43', '13', 'Tata Elxsi Certified Embedded System Engineer', 'https://www.tataelxsi.com/', 'Tata Elxsi'),
('44', '14', 'Capgemini Certified IT Infrastructure Specialist', 'https://www.capgemini.com/', 'Capgemini'),
('45', '15', 'Cognizant Certified Cloud Solutions Architect', 'https://www.cognizant.com/', 'Cognizant'),
('46', '16', 'Reliance Jio Certified Networking Specialist', 'https://www.jio.com/', 'Reliance Jio'),
('47', '17', 'Tech Mahindra Certified Blockchain Developer', 'https://www.techmahindra.com/', 'Tech Mahindra'),
('48', '18', 'L&T Infotech Certified Data Scientist', 'https://www.lntinfotech.com/', 'L&T Infotech'),
('49', '19', 'Wipro Certified IT Security Specialist', 'https://www.wipro.com/', 'Wipro'),
('50', '20', 'Mindtree Certified Software Tester', 'https://www.mindtree.com/', 'Mindtree'),
('51', '21', 'Persistent Systems Certified Cloud Developer', 'https://www.persistent.com/', 'Persistent Systems'),
('52', '22', 'Bosch Certified Embedded System Developer', 'https://www.boschindia.com/', 'Bosch'),
('53', '23', 'Tech Mahindra Certified AI Specialist', 'https://www.techmahindra.com/', 'Tech Mahindra'),
('54', '24', 'HCL Certified IT Consultant', 'https://www.hcltech.com/', 'HCL Technologies'),
('55', '25', 'Mindtree Certified Data Analyst', 'https://www.mindtree.com/', 'Mindtree'),
('56', '26', 'L&T Certified Automation Engineer', 'https://www.lntindia.com/', 'Larsen & Toubro'),
('57', '27', 'Persistent Systems Certified AI Developer', 'https://www.persistent.com/', 'Persistent Systems'),
('58', '28', 'Wipro Certified Cloud Architect', 'https://www.wipro.com/', 'Wipro'),
('59', '29', 'Accenture Certified Data Engineer', 'https://www.accenture.com/', 'Accenture'),
('60', '30', 'Tata Elxsi Certified Robotics Engineer', 'https://www.tataelxsi.com/', 'Tata Elxsi');


-- Insert into SoftSkills table
INSERT INTO SoftSkills (id, student_id, skill_name, proficiency_level)
VALUES
('1', '1', 'Communication', 'Advanced'),
('2', '2', 'Teamwork', 'Intermediate'),
('3', '3', 'Leadership', 'Expert'),
('4', '4', 'Time Management', 'Advanced'),
('5', '5', 'Problem Solving', 'Intermediate'),
('6', '6', 'Communication', 'Advanced'),
('7', '7', 'Teamwork', 'Expert'),
('8', '8', 'Leadership', 'Intermediate'),
('9', '9', 'Time Management', 'Advanced'),
('10', '10', 'Problem Solving', 'Expert'),
('11', '11', 'Critical Thinking', 'Advanced'),
('12', '12', 'Collaboration', 'Intermediate'),
('13', '13', 'Public Speaking', 'Expert'),
('14', '14', 'Adaptability', 'Advanced'),
('15', '15', 'Conflict Resolution', 'Intermediate'),
('16', '16', 'Decision Making', 'Advanced'),
('17', '17', 'Negotiation', 'Expert'),
('18', '18', 'Team Leadership', 'Intermediate'),
('19', '19', 'Analytical Thinking', 'Advanced'),
('20', '20', 'Stress Management', 'Expert'),
('21', '21', 'Emotional Intelligence', 'Intermediate'),
('22', '22', 'Creativity', 'Advanced'),
('23', '23', 'Attention to Detail', 'Expert'),
('24', '24', 'Presentation Skills', 'Intermediate'),
('25', '25', 'Multitasking', 'Advanced'),
('26', '26', 'Mentoring', 'Expert'),
('27', '27', 'Problem Analysis', 'Intermediate'),
('28', '28', 'Collaboration', 'Advanced'),
('29', '29', 'Creativity', 'Expert'),
('30', '30', 'Leadership', 'Intermediate');

-- Insert into TechnicalSkills table
INSERT INTO TechnicalSkills (id, student_id, skill_name, proficiency_level)
VALUES
('1', '1', 'Java', 'Advanced'),
('2', '2', 'Python', 'Expert'),
('3', '3', 'C++', 'Intermediate'),
('4', '4', 'JavaScript', 'Advanced'),
('5', '5', 'SQL', 'Expert'),
('6', '1', 'Ruby', 'Intermediate'),
('7', '2', 'C#', 'Expert'),
('8', '3', 'Go', 'Advanced'),
('9', '4', 'PHP', 'Beginner'),
('10', '5', 'Swift', 'Intermediate'),
('11', '6', 'Kotlin', 'Advanced'),
('12', '7', 'TypeScript', 'Expert'),
('13', '8', 'Rust', 'Intermediate'),
('14', '9', 'SQL', 'Advanced'),
('15', '10', 'Java', 'Intermediate'),
('16', '11', 'Python', 'Beginner'),
('17', '12', 'C++', 'Expert'),
('18', '13', 'JavaScript', 'Advanced'),
('19', '14', 'SQL', 'Intermediate'),
('20', '15', 'Go', 'Advanced'),
('21', '16', 'PHP', 'Expert'),
('22', '17', 'Ruby', 'Beginner'),
('23', '18', 'Swift', 'Advanced'),
('24', '19', 'C#', 'Intermediate'),
('25', '20', 'Python', 'Advanced'),
('26', '21', 'TypeScript', 'Expert'),
('27', '22', 'Java', 'Beginner'),
('28', '23', 'Kotlin', 'Advanced'),
('29', '24', 'Rust', 'Expert'),
('30', '25', 'C++', 'Intermediate'),
('31', '26', 'JavaScript', 'Expert'),
('32', '27', 'SQL', 'Advanced'),
('33', '28', 'Go', 'Beginner'),
('34', '29', 'Ruby', 'Intermediate'),
('35', '30', 'Python', 'Advanced');

-- Insert into PlacementDrives table
INSERT INTO PlacementDrives (id, company_name, registration_link, notice_pdf_link, details, start_date, end_date)
VALUES
('1', 'Google', 'http://google.com/register', 'http://google.com/notice.pdf', 'On-campus placement drive for software engineers.', '2025-03-20', '2025-03-22'),
('2', 'Amazon', 'http://amazon.com/register', 'http://amazon.com/notice.pdf', 'Placement drive for system administrators.', '2025-03-25', '2025-03-27'),
('3', 'Microsoft', 'http://microsoft.com/register', 'http://microsoft.com/notice.pdf', 'Hiring for data scientists.', '2025-04-01', '2025-04-03'),
('4', 'Tata Consultancy Services', 'http://tcs.com/register', 'http://tcs.com/notice.pdf', 'On-campus placement drive for software engineers and business analysts at TCS.', '2025-04-05', '2025-04-07'),
('5', 'Infosys', 'http://infosys.com/register', 'http://infosys.com/notice.pdf', 'Placement drive for technical support engineers and software developers.', '2025-04-10', '2025-04-12'),
('6', 'Wipro', 'http://wipro.com/register', 'http://wipro.com/notice.pdf', 'Wipro is hiring for IT infrastructure roles and software development positions.', '2025-04-15', '2025-04-17'),
('7', 'Tech Mahindra', 'http://techmahindra.com/register', 'http://techmahindra.com/notice.pdf', 'Tech Mahindra is conducting a campus drive for developers and testers.', '2025-04-20', '2025-04-22'),
('8', 'HCL Technologies', 'http://hcl.com/register', 'http://hcl.com/notice.pdf', 'Hiring for Java developers, cloud engineers, and IT support specialists.', '2025-04-25', '2025-04-27'),
('9', 'Cognizant', 'http://cognizant.com/register', 'http://cognizant.com/notice.pdf', 'Cognizant is looking for software engineers and data analysts for its India offices.', '2025-05-01', '2025-05-03'),
('10', 'L&T Infotech', 'http://lntinfotech.com/register', 'http://lntinfotech.com/notice.pdf', 'Placement drive for IT consulting roles and software development.', '2025-05-05', '2025-05-07'),
('11', 'Capgemini', 'http://capgemini.com/register', 'http://capgemini.com/notice.pdf', 'Capgemini is recruiting for software developers, data engineers, and cloud professionals.', '2025-05-10', '2025-05-12'),
('12', 'Mindtree', 'http://mindtree.com/register', 'http://mindtree.com/notice.pdf', 'Mindtree hiring for developers and IT infrastructure positions across India.', '2025-05-15', '2025-05-17'),
('13', 'Accenture', 'http://accenture.com/register', 'http://accenture.com/notice.pdf', 'Accenture is conducting a campus placement drive for software engineers and business analysts.', '2025-05-20', '2025-05-22');

-- Insert into StudentRegistrations table
INSERT INTO StudentRegistrations (id, student_id, drive_id)
VALUES
('1', '1', '1'),
('2', '2', '2'),
('3', '3', '3'),
('4', '4', '1'),
('5', '5', '2'),
('6', '1', '4'),
('7', '2', '5'),
('8', '3', '6'),
('9', '4', '7'),
('10', '5', '8'),
('11', '6', '9'),
('12', '7', '10'),
('13', '8', '4'),
('14', '9', '5'),
('15', '10', '6'),
('16', '11', '7'),
('17', '12', '8'),
('18', '13', '9'),
('19', '14', '10'),
('20', '15', '4'),
('21', '16', '5'),
('22', '17', '6'),
('23', '18', '7'),
('24', '19', '8'),
('25', '20', '9'),
('26', '21', '10'),
('27', '22', '4'),
('28', '23', '5'),
('29', '24', '6'),
('30', '25', '7'),
('31', '26', '8'),
('32', '27', '9'),
('33', '28', '10'),
('34', '29', '4'),
('35', '30', '5');

-- Insert into PlacementNotices table
INSERT INTO PlacementNotices (id, title, content, is_read, drive_id)
VALUES
('1', 'Google Placement Drive Notice', 'Google is hiring software engineers.', FALSE, '1'),
('2', 'Amazon Placement Drive Notice', 'Amazon is hiring system administrators.', FALSE, '2'),
('3', 'Microsoft Placement Drive Notice', 'Microsoft is hiring data scientists.', TRUE, '3'),
('4', 'TCS Placement Drive Notice', 'Tata Consultancy Services is looking for software developers.', FALSE, '4'),
('5', 'Infosys Placement Drive Notice', 'Infosys is hiring fresh graduates for system analysis roles.', FALSE, '5'),
('6', 'Wipro Placement Drive Notice', 'Wipro is conducting a drive for data engineers.', TRUE, '6'),
('7', 'Cognizant Placement Drive Notice', 'Cognizant is hiring for software testing roles.', FALSE, '7'),
('8', 'Accenture Placement Drive Notice', 'Accenture is looking for digital marketing specialists.', FALSE, '8'),
('9', 'HCL Technologies Placement Drive Notice', 'HCL Technologies is hiring freshers for IT roles.', TRUE, '9'),
('10', 'L&T Infotech Placement Drive Notice', 'L&T Infotech is recruiting software engineers and developers.', FALSE, '10'),
('11', 'Tech Mahindra Placement Drive Notice', 'Tech Mahindra is hiring software developers and business analysts.', FALSE, '4'),
('12', 'Capgemini Placement Drive Notice', 'Capgemini is recruiting for software development roles in Bangalore.', TRUE, '5'),
('13', 'Mindtree Placement Drive Notice', 'Mindtree is conducting a placement drive for fresh engineering graduates.', FALSE, '6'),
('14', 'Persistent Systems Placement Drive Notice', 'Persistent Systems is hiring for software development and QA roles.', FALSE, '7'),
('15', 'Virtusa Placement Drive Notice', 'Virtusa is conducting a recruitment drive for software engineers and testers.', TRUE, '8');

-- Insert into GeneralNotices table
INSERT INTO GeneralNotices (id, title, content, is_read)
VALUES
('1', 'Placement Orientation', 'Orientation session for placement preparation.', FALSE),
('2', 'Pre-placement Workshop', 'Workshop on interview preparation.', TRUE),
('3', 'Resume Building Session', 'A session on how to build an effective resume for placements.', FALSE),
('4', 'Mock Interview Session', 'Mock interviews will be conducted for final-year students.', FALSE),
('5', 'Personality Development Workshop', 'Workshop to enhance your personality for interviews.', TRUE),
('6', 'Job Fair Announcement', 'Job fair for all students with multiple companies participating.', FALSE),
('7', 'Interview Tips Session', 'Special session to discuss the top interview tips.', FALSE),
('8', 'Industry Expert Talk', 'Talk by industry expert on career paths in technology.', TRUE),
('9', 'Placement Drive Registration Deadline', 'Reminder: Placement drive registration closes in 3 days.', FALSE),
('10', 'Alumni Meet for Placements', 'Alumni will guide students on how to crack interviews and build a career.', TRUE),
('11', 'Workshops on Soft Skills', 'Sessions focusing on developing soft skills necessary for placement interviews.', FALSE),
('12', 'Interview Etiquette Workshop', 'Learn about the dos and don\'ts of interviews in this workshop.', TRUE),
('13', 'Pre-placement Test Schedule', 'Pre-placement test schedule for the upcoming placement drive.', FALSE),
('14', 'Mock Aptitude Test', 'Mock aptitude test for placement preparation is scheduled for next week.', FALSE),
('15', 'Networking Skills Session', 'Session to help students develop networking skills for interviews and professional growth.', TRUE),
('16', 'Company Overview Session', 'Get insights into the companies participating in upcoming placement drives.', FALSE),
('17', 'Group Discussion Workshop', 'A workshop focused on enhancing group discussion skills for placement rounds.', TRUE),
('18', 'Communication Skills Enhancement', 'Workshop on improving communication skills for interviews.', FALSE),
('19', 'Job Opportunities in Startups', 'Special session on job opportunities and roles in startups.', TRUE),
('20', 'Entrepreneurship for Students', 'An informative session on entrepreneurship and its opportunities for students.', FALSE),
('21', 'Placement Drive Registration Guidance', 'Guidance session for placement drive registration and documentation.', TRUE),
('22', 'Salary Negotiation Skills', 'A session on how to negotiate your salary post-placement.', FALSE),
('23', 'Internship Opportunities Session', 'Find out more about internship opportunities before final placements.', TRUE);


-- Insert into PlacedStudents table
INSERT INTO PlacedStudents (id, student_id, package, placement_date, placement_drive_id)
VALUES
('1', '2', 120000.00, '2025-03-25', '2'),
('2', '4', 110000.00, '2025-03-21', '1'),
('6', '2', 120000.00, '2025-03-25', '2'),
('7', '4', 110000.00, '2025-03-21', '1'),
('8', '6', 125000.00, '2025-03-28', '3'),
('9', '8', 130000.00, '2025-03-23', '4'),
('10', '10', 95000.00, '2025-03-29', '5'),
('11', '12', 115000.00, '2025-03-25', '6'),
('12', '13', 100000.00, '2025-03-21', '7'),
('13', '14', 105000.00, '2025-03-26', '8'),
('14', '16', 120000.00, '2025-03-22', '9'),
('15', '18', 110000.00, '2025-03-25', '10'),
('16', '20', 125000.00, '2025-03-23', '11'),
('17', '22', 115000.00, '2025-03-28', '12'),
('18', '24', 100000.00, '2025-03-23', '13'),
('19', '26', 105000.00, '2025-03-26', '1'),
('20', '28', 130000.00, '2025-03-21', '2');


-- Insert into Alumni table
INSERT INTO Alumni (id, full_name, email, phone_number, batch_year, company, job_role, linkedin_profile, mentorship_available)
VALUES
('1', 'John Doe', 'john.doe@company.com', '9876543200', 2020, 'Google', 'Software Engineer', 'https://linkedin.com/johndoe', TRUE),
('2', 'Jane Smith', 'jane.smith@company.com', '9876543201', 2019, 'Amazon', 'Data Scientist', 'https://linkedin.com/janesmith', FALSE),
('3', 'Amit Verma', 'amit.verma@company.com', '9876543202', 2021, 'Infosys', 'Software Developer', 'https://linkedin.com/amitverma', TRUE),
('4', 'Ravi Kumar', 'ravi.kumar@company.com', '9876543203', 2020, 'Wipro', 'Systems Analyst', 'https://linkedin.com/ravikumar', FALSE),
('5', 'Pooja Sharma', 'pooja.sharma@company.com', '9876543204', 2020, 'TCS', 'Data Analyst', 'https://linkedin.com/poojasharma', TRUE),
('6', 'Anil Yadav', 'anil.yadav@company.com', '9876543205', 2019, 'Cognizant', 'Software Engineer', 'https://linkedin.com/anilyadav', TRUE),
('7', 'Nina Singh', 'nina.singh@company.com', '9876543206', 2021, 'Accenture', 'Product Manager', 'https://linkedin.com/ninasingh', FALSE),
('8', 'Harish Reddy', 'harish.reddy@company.com', '9876543207', 2018, 'HCL', 'Technical Lead', 'https://linkedin.com/harishreddy', TRUE),
('9', 'Neha Gupta', 'neha.gupta@company.com', '9876543208', 2022, 'Tech Mahindra', 'Software Engineer', 'https://linkedin.com/nehagupta', TRUE),
('10', 'Vikram Patel', 'vikram.patel@company.com', '9876543209', 2021, 'Capgemini', 'Business Analyst', 'https://linkedin.com/vikrampatel', FALSE),
('11', 'Sushma Mehta', 'sushma.mehta@company.com', '9876543210', 2019, 'L&T Infotech', 'Data Scientist', 'https://linkedin.com/sushcamehta', TRUE),
('12', 'Rakesh Joshi', 'rakesh.joshi@company.com', '9876543211', 2020, 'Tata Elxsi', 'Software Engineer', 'https://linkedin.com/rakeshjoshi', FALSE),
('13', 'Deepika Rani', 'deepika.rani@company.com', '9876543212', 2018, 'Persistent Systems', 'Technical Architect', 'https://linkedin.com/deepikarani', TRUE),
('14', 'Manoj Sharma', 'manoj.sharma@company.com', '9876543213', 2022, 'Zensar Technologies', 'Software Developer', 'https://linkedin.com/manojsharma', TRUE),
('15', 'Krishna Kumar', 'krishna.kumar@company.com', '9876543214', 2021, 'Hexaware', 'Senior Developer', 'https://linkedin.com/krishnakumar', FALSE),
('16', 'Tanvi Desai', 'tanvi.desai@company.com', '9876543215', 2019, 'Mindtree', 'Test Engineer', 'https://linkedin.com/tanvidesai', TRUE),
('17', 'Gaurav Chaudhary', 'gaurav.chaudhary@company.com', '9876543216', 2020, 'Birlasoft', 'Frontend Developer', 'https://linkedin.com/gauravchaudhary', FALSE),
('18', 'Shubham Raj', 'shubham.raj@company.com', '9876543217', 2021, 'Tech Mahindra', 'Project Manager', 'https://linkedin.com/shubhamraj', TRUE),
('19', 'Priya Soni', 'priya.soni@company.com', '9876543218', 2018, 'Cognizant', 'Software Engineer', 'https://linkedin.com/priyasoni', TRUE),
('20', 'Karan Singh', 'karan.singh@company.com', '9876543219', 2020, 'Wipro', 'Data Scientist', 'https://linkedin.com/karansingh', FALSE),
('21', 'Sanjay Mehra', 'sanjay.mehra@company.com', '9876543220', 2021, 'Infosys', 'Business Analyst', 'https://linkedin.com/sanjaymehra', TRUE),
('22', 'Ayesha Khan', 'ayesha.khan@company.com', '9876543221', 2022, 'HCL', 'HR Specialist', 'https://linkedin.com/ayeshakhan', FALSE),
('23', 'Amit Yadav', 'amit.yadav@company.com', '9876543222', 2020, 'TCS', 'Software Engineer', 'https://linkedin.com/amitkumar', TRUE),
('24', 'Tanuja Gupta', 'tanuja.gupta@company.com', '9876543223', 2021, 'Accenture', 'Test Analyst', 'https://linkedin.com/tanujagupta', TRUE),
('25', 'Ashish Jain', 'ashish.jain@company.com', '9876543224', 2019, 'Tech Mahindra', 'Backend Developer', 'https://linkedin.com/ashishjain', FALSE),
('26', 'Sonali Verma', 'sonali.verma@company.com', '9876543225', 2020, 'Hexaware', 'Product Manager', 'https://linkedin.com/sonaliverma', TRUE),
('27', 'Jaspreet Kaur', 'jaspreet.kaur@company.com', '9876543226', 2022, 'Capgemini', 'UI/UX Designer', 'https://linkedin.com/jaspreetkaur', FALSE),
('28', 'Vikas Joshi', 'vikas.joshi@company.com', '9876543227', 2021, 'Cognizant', 'Software Tester', 'https://linkedin.com/vikasjoshi', TRUE),
('29', 'Ravi Shankar', 'ravi.shankar@company.com', '9876543228', 2019, 'Birlasoft', 'Network Engineer', 'https://linkedin.com/ravishankar', TRUE),
('30', 'Suman Singh', 'suman.singh@company.com', '9876543229', 2021, 'Persistent Systems', 'Consultant', 'https://linkedin.com/sumansingh', FALSE),
('31', 'Madhuri Patil', 'madhuri.patil@company.com', '9876543230', 2018, 'Zensar Technologies', 'Software Engineer', 'https://linkedin.com/madhuripatil', TRUE),
('32', 'Sandeep Kumar', 'sandeep.kumar@company.com', '9876543231', 2020, 'Mindtree', 'Project Manager', 'https://linkedin.com/sandeepkumar', FALSE),
('33', 'Kavita Soni', 'kavita.soni@company.com', '9876543232', 2021, 'HCL', 'HR Specialist', 'https://linkedin.com/kavitasoni', TRUE),
('34', 'Ajay Prasad', 'ajay.prasad@company.com', '9876543233', 2021, 'Infosys', 'Software Engineer', 'https://linkedin.com/ajayprasad', TRUE),
('35', 'Neelam Chauhan', 'neelam.chauhan@company.com', '9876543234', 2022, 'Tech Mahindra', 'Cloud Architect', 'https://linkedin.com/neelamchauhan', FALSE),
('36', 'Abhishek Mishra', 'abhishek.mishra@company.com', '9876543235', 2019, 'Zensar Technologies', 'Cybersecurity Analyst', 'https://linkedin.com/abhishekmishra', TRUE),
('37', 'Sakshi Agarwal', 'sakshi.agarwal@company.com', '9876543236', 2020, 'Accenture', 'Consultant', 'https://linkedin.com/sakshiagarwal', FALSE),
('38', 'Ankur Gupta', 'ankur.gupta@company.com', '9876543237', 2021, 'Wipro', 'DevOps Engineer', 'https://linkedin.com/ankurgupta', TRUE),
('39', 'Rohit Thakur', 'rohit.thakur@company.com', '9876543238', 2021, 'Tech Mahindra', 'Full Stack Developer', 'https://linkedin.com/rohitthakur', TRUE),
('40', 'Simran Kaur', 'simran.kaur@company.com', '9876543239', 2020, 'TCS', 'QA Engineer', 'https://linkedin.com/simrankaur', TRUE),
('41', 'Shivani Mehta', 'shivani.mehta@company.com', '9876543240', 2019, 'HCL', 'Network Administrator', 'https://linkedin.com/shivanimehta', FALSE),
('42', 'Tushar Dubey', 'tushar.dubey@company.com', '9876543241', 2022, 'Mindtree', 'Business Analyst', 'https://linkedin.com/tushardubey', TRUE),
('43', 'Rupal Sharma', 'rupal.sharma@company.com', '9876543242', 2021, 'Birlasoft', 'Frontend Developer', 'https://linkedin.com/rupalsharma', FALSE),
('44', 'Vivek Kumar', 'vivek.kumar@company.com', '9876543243', 2020, 'Capgemini', 'Mobile Developer', 'https://linkedin.com/vivekkumar', TRUE),
('45', 'Bhavna Agarwal', 'bhavna.agarwal@company.com', '9876543244', 2022, 'Persistent Systems', 'Product Manager', 'https://linkedin.com/bhavnaagarwal', FALSE),
('46', 'Rohit Jaiswal', 'rohit.jaiswal@company.com', '9876543245', 2021, 'Wipro', 'Technical Lead', 'https://linkedin.com/rohitjaiswal', TRUE),
('47', 'Pooja Singh', 'pooja.singh@company.com', '9876543246', 2021, 'Cognizant', 'Senior Developer', 'https://linkedin.com/poojasingh', FALSE),
('48', 'Kunal Kapoor', 'kunal.kapoor@company.com', '9876543247', 2019, 'Mindtree', 'Sales Manager', 'https://linkedin.com/kunalkapoor', TRUE),
('49', 'Divya Yadav', 'divya.yadav@company.com', '9876543248', 2020, 'Accenture', 'Tech Consultant', 'https://linkedin.com/divyayadav', TRUE),
('50', 'Sandeep Pandey', 'sandeep.pandey@company.com', '9876543249', 2021, 'TCS', 'Project Manager', 'https://linkedin.com/sandeepandey', FALSE);


-- Insert into PlacementFAQs table
INSERT INTO PlacementFAQs (id, question, answer)
VALUES
('1', 'What is the minimum CGPA required for placements?', 'The minimum CGPA required is 7.0.'),
('2', 'How can I register for a placement drive?', 'You can register online via the respective drive page.'),
('3', 'When do placement drives usually start?', 'Placement drives typically start in the final year of the course, around the 7th or 8th semester.'),
('4', 'What documents are required for placement interviews?', 'You will need a copy of your resume, academic transcripts, and placement registration form.'),
('5', 'Are placement drives conducted for all branches?', 'Yes, placement drives are conducted for all branches, but the companies may have specific requirements.'),
('6', 'How do I prepare for a placement interview?', 'You should focus on technical subjects, practice problem-solving, and prepare for HR questions.'),
('7', 'Can I apply for multiple placement drives?', 'Yes, you can apply for multiple placement drives, but you must meet each company’s eligibility criteria.'),
('8', 'What is the role of the placement office?', 'The placement office assists in coordinating placement drives, providing career counseling, and helping with resume preparation.'),
('9', 'Can I change my preferred job role after registration?', 'Once registered, you may not be able to change your job role preference. Please check with the placement office.'),
('10', 'Is there a specific time for campus placement interviews?', 'The placement interviews are typically scheduled in blocks, and you will be informed in advance of the exact timing.'),
('11', 'Are there any restrictions on the number of companies I can attend interviews for?', 'No, there is no limit, but you must ensure you are available for each scheduled interview.'),
('12', 'Can I take part in off-campus placement drives?', 'Yes, students can apply for off-campus placements, but the placement office generally focuses on on-campus recruitment.'),
('13', 'What happens if I miss an interview?', 'If you miss an interview without a valid reason, you may not be allowed to attend further interviews for that company.'),
('14', 'How do I know if I have been selected in a placement drive?', 'You will be notified via email or the placement portal if you have been selected in a drive.'),
('15', 'Is there any pre-placement training provided?', 'Yes, pre-placement training such as mock interviews, group discussions, and resume writing workshops are usually organized.'),
('16', 'What should I do if I am not placed in the first round of interviews?', 'You can participate in subsequent rounds or apply to other companies through the placement process.'),
('17', 'How do I negotiate my salary after receiving an offer?', 'Negotiation depends on your performance during the interview and your skillset. Ensure you research industry standards for the role.'),
('18', 'Can I decline a job offer after accepting it?', 'It is not advisable to decline a job offer after accepting it unless there are extreme personal reasons. It could affect your reputation with the company.');

-- Insert into RecommendedSkills table
INSERT INTO RecommendedSkills (id, required_skills, recommended_certifications, placement_drive_id)
VALUES
('1', 'Java, Data Structures', 'Oracle Java Certification', '1'),
('2', 'Linux, Networking', 'CCNA Certification', '2'),
('3', 'Machine Learning, Python', 'TensorFlow Certification', '3'),
('4', 'Java, Spring Framework', 'Spring Professional Certification', '4'),
('5', 'SQL, Data Analysis', 'Microsoft Certified: Data Analyst Associate', '5'),
('6', 'Python, Machine Learning', 'Certified TensorFlow Developer', '6'),
('7', 'Web Development, HTML, CSS', 'Adobe Certified Expert', '7'),
('8', 'Cloud Computing, AWS', 'AWS Certified Solutions Architect', '8'),
('9', 'Mobile Development, Android', 'Google Associate Android Developer', '9'),
('10', 'Cybersecurity, Network Security', 'Certified Information Systems Security Professional (CISSP)', '10'),
('11', 'Blockchain, Cryptocurrency', 'Certified Blockchain Developer', '11'),
('12', 'Database Management, MySQL', 'Oracle Database Administrator Certification', '12'),
('13', 'JavaScript, ReactJS', 'ReactJS Certification', '13');

-- Insert into GuestLectureResources table
INSERT INTO GuestLectureResources (id, topic, speaker, date, slides_link, recording_link, notes)
VALUES
('1', 'AI in Industry', 'Dr. Alan Turing', '2025-03-18', 'http://example.com/slides', 'http://example.com/recording', 'Introduction to AI in the industry.'),
('2', 'Cybersecurity Trends', 'Dr. Eve White', '2025-03-19', 'http://example.com/slides2', 'http://example.com/recording2', 'Recent trends in cybersecurity.'),
('3', 'Artificial Intelligence in Indian Industries', 'Dr. Rajesh Kumar', '2025-03-21', 'http://indianlectures.com/slides1', 'http://indianlectures.com/recording1', 'Discussing the role of AI in the growth of Indian businesses.'),
('4', 'Cloud Computing for Startups', 'Ms. Priya Verma', '2025-03-22', 'http://indianlectures.com/slides2', 'http://indianlectures.com/recording2', 'How cloud technologies can be used by Indian startups to scale operations.'),
('5', 'Cybersecurity in Indian Financial Sector', 'Mr. Anil Mehta', '2025-03-23', 'http://indianlectures.com/slides3', 'http://indianlectures.com/recording3', 'Overview of the cybersecurity challenges in the Indian financial ecosystem.'),
('6', 'Data Analytics for Indian Healthcare', 'Dr. Neha Sharma', '2025-03-24', 'http://indianlectures.com/slides4', 'http://indianlectures.com/recording4', 'How data analytics is transforming healthcare in India.'),
('7', 'Blockchain and Cryptocurrency Regulations in India', 'Mr. Arun Patil', '2025-03-25', 'http://indianlectures.com/slides5', 'http://indianlectures.com/recording5', 'Exploring the legal aspects of blockchain technology and cryptocurrencies in India.'),
('8', 'Digital Marketing for Indian Entrepreneurs', 'Ms. Kavita Singh', '2025-03-26', 'http://indianlectures.com/slides6', 'http://indianlectures.com/recording6', 'Strategies for small businesses and entrepreneurs in India to leverage digital marketing.'),
('9', 'Smart Cities: Opportunities and Challenges', 'Mr. Vinod Kumar', '2025-03-27', 'http://indianlectures.com/slides7', 'http://indianlectures.com/recording7', 'Exploring the potential and challenges of implementing smart cities in India.'),
('10', 'Future of Renewable Energy in India', 'Dr. Sanjay Joshi', '2025-03-28', 'http://indianlectures.com/slides8', 'http://indianlectures.com/recording8', 'Discussing the future of renewable energy sources like solar and wind in India.'),
('11', 'Role of AI in Indian Agriculture', 'Dr. Ananya Reddy', '2025-03-29', 'http://indianlectures.com/slides9', 'http://indianlectures.com/recording9', 'Exploring AI applications in improving agricultural practices in India.'),
('12', 'Fintech Innovations in India', 'Mr. Subhash Verma', '2025-03-30', 'http://indianlectures.com/slides10', 'http://indianlectures.com/recording10', 'How fintech is revolutionizing financial services in India.');


-- Insert into GuestLectureRegistrations table
INSERT INTO GuestLectureRegistrations (id, student_id, guest_lecture_id, registration_done, registration_link)
VALUES
('1', '1', '1', TRUE, 'http://example.com/register'),
('2', '2', '2', FALSE, 'http://example.com/register2'),
('1', '1', '1', TRUE, 'http://indianlectures.com/register1'),
('2', '2', '2', FALSE, 'http://indianlectures.com/register2'),
('3', '3', '3', FALSE, 'http://indianlectures.com/register3'),
('4', '4', '4', TRUE, 'http://indianlectures.com/register4'),
('5', '5', '5', FALSE, 'http://indianlectures.com/register5'),
('6', '6', '6', TRUE, 'http://indianlectures.com/register6'),
('7', '7', '7', FALSE, 'http://indianlectures.com/register7'),
('8', '8', '8', FALSE, 'http://indianlectures.com/register8'),
('9', '9', '9', TRUE, 'http://indianlectures.com/register9'),
('10', '10', '10', FALSE, 'http://indianlectures.com/register10'),
('11', '11', '11', TRUE, 'http://indianlectures.com/register11'),
('12', '12', '12', FALSE, 'http://indianlectures.com/register12'),
('13', '13', '1', FALSE, 'http://indianlectures.com/register13'),
('14', '14', '2', TRUE, 'http://indianlectures.com/register14'),
('15', '15', '3', FALSE, 'http://indianlectures.com/register15'),
('16', '16', '4', FALSE, 'http://indianlectures.com/register16'),
('17', '17', '5', TRUE, 'http://indianlectures.com/register17'),
('18', '18', '6', FALSE, 'http://indianlectures.com/register18'),
('19', '19', '7', TRUE, 'http://indianlectures.com/register19'),
('20', '20', '8', FALSE, 'http://indianlectures.com/register20'),
('21', '21', '9', TRUE, 'http://indianlectures.com/register21'),
('22', '22', '10', FALSE, 'http://indianlectures.com/register22'),
('23', '23', '11', TRUE, 'http://indianlectures.com/register23'),
('24', '24', '12', FALSE, 'http://indianlectures.com/register24'),
('25', '25', '1', FALSE, 'http://indianlectures.com/register25'),
('26', '26', '2', TRUE, 'http://indianlectures.com/register26'),
('27', '27', '3', FALSE, 'http://indianlectures.com/register27'),
('28', '28', '4', TRUE, 'http://indianlectures.com/register28'),
('29', '29', '5', FALSE, 'http://indianlectures.com/register29'),
('30', '30', '6', TRUE, 'http://indianlectures.com/register30');

-- Insert into InterviewFeedback table
INSERT INTO InterviewFeedback (id, student_id, company, interview_date, experience, difficulty_level, questions_asked, placement_drive_id)
VALUES
('1', '1', 'Google', '2025-03-20', 'Great experience, questions on algorithms and system design.', 'Medium', 'What is a linked list?', '1'),
('2', '2', 'Amazon', '2025-03-25', 'Challenging interview, focused on databases and problem-solving.', 'Hard', 'Explain normalization and denormalization.', '2'),
('3', '5', 'Amazon', '2025-03-25', 'Tough interview, focused on system design and scalability.', 'Hard', 'Design a URL shortening service.', '2'),
('4', '7', 'Flipkart', '2025-03-26', 'Good experience, discussed algorithms and data structures.', 'Medium', 'Explain the difference between merge sort and quick sort.', '4'),
('5', '9', 'TCS', '2025-03-27', 'Challenging but interesting, focused on software engineering principles.', 'Hard', 'What is the difference between an interface and an abstract class?', '5'),
('6', '11', 'Wipro', '2025-03-28', 'Great experience, questions about databases and coding challenges.', 'Medium', 'What is the difference between SQL and NoSQL?', '6'),
('7', '13', 'Infosys', '2025-03-30', 'Great, a lot of focus on problem-solving and algorithms.', 'Medium', 'Write a program to find the Fibonacci sequence.', '7'),
('8', '15', 'Accenture', '2025-04-01', 'Challenging, they tested knowledge on system design and optimization.', 'Hard', 'How would you design a distributed system?', '8'),
('9', '17', 'Cognizant', '2025-04-02', 'Positive experience, focused mainly on data structures.', 'Medium', 'Explain the time complexity of binary search.', '9'),
('10', '19', 'HCL', '2025-04-03', 'Great interview, mainly on coding and data structures.', 'Medium', 'What is the difference between a stack and a queue?', '10');

-- Insert into InterviewQuestions table
INSERT INTO InterviewQuestions (id, feedback_id, question_text, answer_given, interviewer_response, difficulty_level)
VALUES
('1', '1', 'What is a linked list?', 'A linked list is a linear data structure where each element, called a node, points to the next element in the sequence. It allows for dynamic memory allocation and efficient insertions and deletions.', 'Good explanation, needs more details on operations such as insertion, deletion, and traversal.', 'Medium'),
('2', '2', 'How does a hash map work?', 'A hash map stores key-value pairs and uses a hash function to convert the key into an index in an underlying array. It allows for constant time complexity for searching, inserting, and deleting elements, on average.', 'Excellent explanation, but could have elaborated more on collision resolution methods like chaining and open addressing.', 'Medium'),
('3', '3', 'Design a URL shortening service.', 'The service should take a long URL and return a unique shortened string. The system should map the shortened string back to the original URL when requested. A hash function can be used to generate the shortened URL, and the mapping can be stored in a database.', 'Well done, good use of hash functions and the idea of using a database for storing mappings. Could have included scalability considerations.', 'Hard'),
('4', '4', 'Explain the difference between merge sort and quick sort.', 'Merge sort is a divide-and-conquer algorithm that divides the array into halves, recursively sorts them, and merges the sorted halves. Quick sort is also divide-and-conquer, but it selects a pivot element and partitions the array around the pivot before sorting the subarrays.', 'Nice distinction, could have added performance differences in terms of average and worst-case time complexities.', 'Medium'),
('5', '5', 'What is the difference between an interface and an abstract class?', 'An interface defines a contract that classes can implement, whereas an abstract class can provide both abstract methods (without implementation) and concrete methods (with implementation). An interface cannot have any method implementation, while an abstract class can.', 'Good explanation, could have mentioned that a class can implement multiple interfaces but can inherit from only one abstract class.', 'Medium'),
('6', '6', 'What is the difference between SQL and NoSQL?', 'SQL databases are relational, use structured query language for defining and manipulating data, and are suitable for applications with structured data. NoSQL databases are non-relational, handle unstructured or semi-structured data, and provide flexible schema designs.', 'Great answer, could have added examples of both types of databases and their use cases.', 'Medium'),
('7', '7', 'Write a program to find the Fibonacci sequence.', 'Here is the code: public static int fibonacci(int n) { if (n <= 1) return n; return fibonacci(n-1) + fibonacci(n-2); } This is a recursive solution that returns the nth Fibonacci number.', 'Nice approach, but this is an inefficient solution with exponential time complexity. Could have mentioned dynamic programming to optimize it.', 'Medium'),
('8', '8', 'How would you design a distributed system?', 'A distributed system consists of multiple independent computers working together to achieve a common goal. It involves techniques like load balancing, data partitioning, fault tolerance, and ensuring consistency across nodes using protocols like Paxos or Raft.', 'Good answer, but could have added examples like CAP theorem and mentioned specific tools for building distributed systems like Kubernetes or Docker.', 'Hard'),
('9', '9', 'Explain the time complexity of binary search.', 'Binary search works by repeatedly dividing the search space in half. It starts by comparing the target element with the middle element of the array. If they match, the search is over. Otherwise, it reduces the search space to either the left or right half, depending on whether the target is smaller or larger.', 'Good explanation. The time complexity of binary search is O(log n), where n is the number of elements in the array.', 'Medium'),
('10', '10', 'What is the difference between a stack and a queue?', 'A stack is a linear data structure that follows the Last In, First Out (LIFO) principle. A queue follows the First In, First Out (FIFO) principle. In a stack, elements are added and removed from the same end, while in a queue, elements are added at the rear and removed from the front.', 'Excellent explanation, could have added real-world examples for both like a browser history for stack and a printer queue for a queue.', 'Medium');

-- Insert into PreplacementActivities table
INSERT INTO PreplacementActivities (id, activity_name, company, date, description)
VALUES
('1', 'Coding Challenge', 'TCS', '2025-03-21', 'An on-campus coding challenge to test problem-solving skills and algorithms proficiency.'),
('2', 'Mock Interviews', 'Infosys', '2025-03-22', 'Mock interview sessions with industry experts to help students prepare for real-time interview scenarios.'),
('3', 'Group Discussion', 'Wipro', '2025-03-23', 'A group discussion session to improve communication and teamwork skills.'),
('4', 'Resume Building Workshop', 'Accenture', '2025-03-24', 'Workshop to help students create a strong and effective resume to boost their placement opportunities.'),
('5', 'Soft Skills Training', 'HCL Technologies', '2025-03-25', 'Training session focusing on enhancing communication, interpersonal skills, and professional etiquette.'),
('6', 'Technical Interview Preparation', 'Cognizant', '2025-03-26', 'A session dedicated to preparing students for technical interviews, covering data structures and algorithms.'),
('7', 'Aptitude Test Preparation', 'Tech Mahindra', '2025-03-27', 'Preparation workshop for aptitude and reasoning tests commonly asked in placement drives.'),
('8', 'Leadership Skills Workshop', 'Capgemini', '2025-03-28', 'Workshop to help students develop leadership qualities, including decision-making and team management.'),
('9', 'GD and PI Mock Sessions', 'L&T Infotech', '2025-03-29', 'Mock sessions for group discussions and personal interviews to help students get acquainted with the placement process.'),
('10', 'Personality Development', 'IBM', '2025-03-30', 'A session focused on personality enhancement, covering aspects like body language, confidence, and overall professional image.'),
('11', 'Coding Bootcamp', 'Accenture', '2025-04-01', 'An intensive bootcamp focusing on coding skills, problem-solving, and competitive programming.'),
('12', 'Industry Guest Lecture', 'Tech Mahindra', '2025-04-02', 'A guest lecture by an industry expert discussing the latest trends in AI and machine learning.'),
('13', 'Data Science Workshop', 'Amazon Web Services', '2025-04-03', 'A workshop covering the fundamentals of data science, data analysis, and Python programming.'),
('14', 'Cybersecurity Awareness', 'Infosys', '2025-04-04', 'An informative session on cybersecurity best practices and the latest trends in securing digital platforms.'),
('15', 'Coding for Beginners', 'TCS', '2025-04-05', 'A beginner-friendly coding session to help students learn the basics of programming and algorithms.');


-- Insert into PreplacementActivityRegistrations table
INSERT INTO PreplacementActivityRegistrations (id, student_id, preplacement_activity_id, registration_done, registration_link)
VALUES
('1', '1', '1', TRUE, 'http://example.com/register1'),
('2', '2', '2', TRUE, 'http://example.com/register2'),
('3', '3', '3', TRUE, 'http://example.com/register3'),
('4', '4', '4', TRUE, 'http://example.com/register4'),
('5', '5', '5', TRUE, 'http://example.com/register5'),
('6', '6', '6', TRUE, 'http://example.com/register6'),
('7', '7', '7', TRUE, 'http://example.com/register7'),
('8', '8', '8', TRUE, 'http://example.com/register8'),
('9', '9', '9', TRUE, 'http://example.com/register9'),
('10', '10', '10', TRUE, 'http://example.com/register10'),
('11', '11', '11', TRUE, 'http://example.com/register11'),
('12', '12', '12', TRUE, 'http://example.com/register12'),
('13', '13', '13', TRUE, 'http://example.com/register13'),
('14', '14', '14', TRUE, 'http://example.com/register14'),
('15', '15', '15', TRUE, 'http://example.com/register15'),
('16', '16', '1', TRUE, 'http://example.com/register16'),
('17', '17', '2', TRUE, 'http://example.com/register17'),
('18', '18', '3', TRUE, 'http://example.com/register18'),
('19', '19', '4', TRUE, 'http://example.com/register19'),
('20', '20', '5', TRUE, 'http://example.com/register20'),
('21', '21', '6', TRUE, 'http://example.com/register21'),
('22', '22', '7', TRUE, 'http://example.com/register22'),
('23', '23', '8', TRUE, 'http://example.com/register23'),
('24', '24', '9', TRUE, 'http://example.com/register24'),
('25', '25', '10', TRUE, 'http://example.com/register25'),
('26', '26', '11', TRUE, 'http://example.com/register26'),
('27', '27', '12', TRUE, 'http://example.com/register27'),
('28', '28', '13', TRUE, 'http://example.com/register28'),
('29', '29', '14', TRUE, 'http://example.com/register29'),
('30', '30', '15', FALSE, 'http://example.com/register30');

